id,first_name,last_name,date_born,pet
322-86-3877,Terrie,Santori,12/19/1999,"Fox, savanna"
796-22-2357,Danie,Moy,7/17/1977,Brown lemur
254-22-7048,Balduin,De Robertis,3/10/1999,"Possum, common brushtail"
485-71-2160,Juan,Tarzey,2/11/1974,"Cat, tiger"
612-09-7052,Viv,Nelles,6/21/1993,"Goose, knob-nosed"
734-36-2008,Nerti,Manley,7/8/1974,Serval
820-35-4771,Mavra,Proctor,3/23/1993,Rose-ringed parakeet
734-56-8519,Renelle,Salzberg,12/30/1974,Red lava crab
786-76-7184,Belva,Shegog,9/26/1984,Defassa waterbuck
121-01-2902,Meredithe,Churm,9/17/1989,Mountain duck
428-80-0746,Myron,Lansdown,3/4/1983,Bonnet macaque
860-87-6060,Basia,Dunsleve,10/10/1984,White-winged black tern
508-15-3950,Tersina,Milmoe,3/16/1989,"Beaver, north american"
736-81-1252,Ulrick,Derges,2/2/1988,Blue peacock
777-28-1192,Ricki,Osmint,11/22/1994,Osprey
888-52-1271,Clayborne,Hurton,9/5/1986,Red phalarope
146-69-0410,Georgia,Cleeton,6/28/1995,California sea lion
449-70-4456,Corby,Doget,4/5/1998,Red-winged blackbird
471-98-3109,Humfried,Tibols,5/18/1982,"Boa, emerald green tree"
512-68-3796,Giralda,Radage,3/6/1992,Woolly-necked stork
474-11-1063,Orsola,Skett,6/3/1973,White-lipped peccary
676-36-5991,Ivan,Shanley,12/7/1991,Thirteen-lined squirrel
145-82-4952,Rivalee,Ellerker,3/26/1997,"Tortoise, radiated"
822-86-2674,Quinn,Morgan,2/25/1978,Impala
211-40-5825,Livy,Garber,9/18/1989,Springbok
415-45-5819,Daveta,Gianolo,11/2/1985,Snow goose
650-66-6704,Hugh,Elnough,8/18/1995,American badger
544-81-9563,Sue,Toffanini,9/11/1981,"Gazelle, grant's"
590-27-0173,Jeremie,Blowin,1/28/1998,Kirk's dik dik
684-90-7822,Helsa,Emmines,1/25/1975,Coke's hartebeest
229-32-1537,Karlens,Esbrook,5/22/1986,Capybara
794-91-2539,Ulrike,Vickars,12/5/1990,"Eagle, golden"
162-40-9455,Raye,Summerbell,12/10/1978,Blue catfish
824-02-9030,Bartolomeo,Pembery,9/15/1977,Common pheasant
319-73-0248,Hollyanne,Aberdeen,11/10/1990,"Moccasin, water"
266-40-6117,Caz,Verduin,1/30/1997,Savannah deer (unidentified)
754-67-5950,Natassia,Wiltshear,9/19/1973,Jabiru stork
111-59-7675,Lanny,Lipscombe,9/21/1988,Mocking cliffchat
385-01-7177,Paul,Kindread,8/15/1993,"Mongoose, banded"
873-77-2547,Dan,Dorrins,12/28/1984,Swallow-tail gull
554-51-1618,Malory,Reckus,8/28/1977,Black-fronted bulbul
590-32-1937,Fancie,Schlagh,8/9/1979,Gray heron
261-81-1661,Reine,Mackin,9/1/1980,American badger
209-14-3726,Matthew,Sarson,12/16/1986,Swainson's francolin
627-74-0876,Kirsten,Ianniello,11/12/1994,Tawny frogmouth
583-37-0047,Penelopa,Waudby,1/29/1994,Gray rhea
195-93-6563,Larina,Blofeld,10/16/1985,Red-billed buffalo weaver
787-89-9793,Jerry,Trevena,2/29/1976,"Lion, asian"
169-11-5837,Jordan,Lucia,5/28/1983,"Langur, gray"
799-90-1717,Carmina,Shilvock,2/8/1981,"Mongoose, small indian"
642-99-3557,Waldo,Bettam,1/25/1978,"Raccoon, common"
654-34-6615,Ab,De Caville,5/21/1984,"Peccary, collared"
791-12-5475,Ryon,Ridsdole,12/30/1998,Roseate cockatoo
200-39-0662,Theo,Fullager,11/27/1980,Gaur
374-89-6242,Becky,Gregory,5/12/1988,"Booby, masked"
667-49-8323,Davon,Axon,3/14/1978,Wild water buffalo
821-49-3910,Dmitri,Egleton,9/5/1990,"Possum, common brushtail"
571-35-4516,Stan,Glendining,1/25/1992,"Turtle, eastern box"
893-83-4124,Timmie,Sertin,9/20/1983,"Hyena, spotted"
617-12-4307,Gene,Boutell,3/31/1980,European stork
832-89-0893,Leanor,Wheeler,12/24/1983,Genoveva
476-44-6243,Ricki,Macconachy,1/13/1989,Genoveva
874-15-4138,Allen,Brosenius,5/9/1988,"Sloth, two-toed tree"
210-19-3912,Mort,Mughal,2/11/1986,Bontebok
493-75-1989,Brod,Mewitt,9/11/1976,Red kangaroo
804-44-2755,Ramonda,Ruddiforth,1/27/1993,"Fox, blue"
237-07-6013,Sosanna,Shilstone,8/23/1986,"Mongoose, small indian"
656-14-9770,Avram,Vero,9/8/1992,"Hartebeest, red"
164-55-0273,Skipp,Corsor,8/10/1993,European beaver
766-81-7695,Olwen,Zorro,1/13/1998,Ground monitor (unidentified)
384-96-7748,Ric,McCorkell,8/15/1987,"Crane, brolga"
166-26-3269,Maible,Sambells,9/24/1982,North American red fox
517-90-4641,Dona,McGuigan,5/12/1984,Fringe-eared oryx
346-41-7567,Deborah,Johanchon,5/15/1997,"Beaver, north american"
618-34-1433,Sallee,Dhillon,5/8/1987,Killer whale
617-36-6089,Mayne,Wilmott,1/9/1998,"Godwit, hudsonian"
117-20-4336,Porter,Humbie,11/8/1989,Australian magpie
668-61-8231,Ruby,Sauvain,7/27/1998,Prehensile-tailed porcupine
581-45-5155,Sarge,Reims,1/11/1983,Pine squirrel
631-20-5370,Rene,Getcliff,9/8/1974,Bobcat
851-55-5610,Aggie,Barthram,3/12/1989,"Francolin, coqui"
875-05-8208,Jamima,Taphouse,10/2/1984,Great cormorant
845-86-3261,Morganica,Romanelli,9/28/1998,"Crane, wattled"
604-22-6975,Alfreda,Alibone,4/25/1987,Long-billed cockatoo
426-80-9280,Brenda,Kenworth,10/1/1976,"Stork, saddle-billed"
139-30-8862,Wilton,Stellino,11/3/1976,Crowned hawk-eagle
574-71-6063,Victoria,Candish,6/16/1997,Golden brush-tailed possum
630-60-2824,Sibelle,Caunter,6/22/1977,Crimson-breasted shrike
493-11-3192,Merna,Ginsie,1/15/1998,"Crane, sarus"
846-50-6847,Damon,Bloys,2/2/1981,"Monkey, vervet"
523-43-6123,Rebeka,Farey,11/19/1974,European badger
322-18-8642,Miguela,Leggott,9/15/1989,Woylie
140-11-5009,Bibbye,Ravillas,4/25/1989,Gerenuk
330-74-0545,Giulia,Bennie,10/16/1995,"Squirrel, uinta ground"
776-68-9912,Bonnie,Walster,11/17/1977,Small-toothed palm civet
578-44-1145,Karrah,Thatcham,2/14/1993,California sea lion
259-04-6154,Angele,Kynd,11/12/1975,"Coatimundi, ring-tailed"
475-87-1668,Sari,Station,10/6/1993,Red-cheeked cordon bleu
689-72-6337,Marcel,Shoute,3/16/1994,Pied avocet
876-03-6596,Nari,Chowne,7/15/1976,"Spurfowl, yellow-necked"
638-50-2928,Donni,Kolushev,8/13/1987,"Goose, spur-winged"
380-06-2085,Chucho,Bohills,12/16/1994,"Antelope, four-horned"
353-67-5366,Jill,Daudray,3/11/1980,"Dragon, netted rock"
842-50-6882,Bourke,Crocetti,6/20/1997,Andean goose
541-81-3025,Sheba,Courtois,3/31/1996,Eurasian red squirrel
444-02-0099,Tedmund,Hodge,9/16/1986,"Lion, australian sea"
672-76-5646,Cyndia,Meiningen,5/31/1999,"Possum, western pygmy"
370-28-7324,Randy,Darrigrand,6/23/1998,Coyote
275-05-7148,Brennen,Schachter,1/20/1992,Black-eyed bulbul
859-46-8110,Quincy,Elleray,5/18/1990,Reindeer
159-27-6105,Eduard,Kirtlan,2/16/1996,Horned rattlesnake
268-42-2727,Nikoletta,Ginger,4/29/1997,"Stork, saddle-billed"
756-01-3101,Claudian,Cannings,10/5/1989,Western spotted skunk
479-79-4499,Hube,Leglise,8/19/1984,"Turkey, common"
120-97-3170,Sergio,Sallter,3/27/1982,"Tortoise, burmese black mountain"
280-02-3974,Marlie,Beall,11/2/1977,Javan gold-spotted mongoose
809-52-3725,Agace,Dobney,6/12/1975,"Genet, small-spotted"
218-40-2955,Sara-ann,Reyner,8/15/1998,"Rabbit, eastern cottontail"
334-85-4109,Maury,MacSporran,4/18/1974,Brown lemur
744-44-7966,Saxe,Antognozzii,6/10/1998,Small-toothed palm civet
468-60-1267,Hilario,Stilgoe,11/5/1989,Spotted wood sandpiper
532-61-9534,Hyman,Vaggs,11/29/1993,Asian elephant
803-92-1307,Randy,Placido,7/16/1996,Campo flicker
819-27-7720,Susana,Loft,9/17/1980,"Dik, kirk's dik"
320-70-8083,Oren,Auckland,9/28/1983,African bush squirrel
748-27-8045,Miof mela,Harvatt,9/12/1998,"Jackrabbit, white-tailed"
520-67-2444,Edna,Paquet,10/21/1999,Striated heron
652-59-0078,Sibylla,Stonehewer,4/13/1997,"Sheep, american bighorn"
554-79-2629,Eberto,Wybern,6/1/1992,"Constrictor, eastern boa"
663-76-5421,Osbert,Ferraraccio,6/7/1984,Kelp gull
737-03-0600,Gae,Trillow,6/27/1988,"Cat, cape wild"
680-53-7991,Kathleen,Streatfeild,12/21/1984,Seven-banded armadillo
485-23-4375,Collete,Cobb,1/6/1995,Galapagos albatross
835-58-0394,Cherri,Klug,7/13/1994,Southern ground hornbill
219-94-4081,Cornelle,Keats,11/1/1973,South African hedgehog
325-10-0508,Temple,Dooman,3/7/1983,"Crane, blue"
214-69-4325,Walsh,Straffon,5/11/1993,Bee-eater (unidentified)
705-16-2929,Arluene,Alltimes,12/18/1992,"Rat, white-faced tree"
111-27-5143,Ingaberg,Haack,6/21/1978,Red-tailed hawk
504-52-7193,Liliane,Copland,5/3/1975,"Owl, burrowing"
729-73-7221,Conn,Filde,6/25/1977,Arctic fox
456-30-8441,Addy,Thomann,8/1/1983,White-fronted capuchin
799-61-0160,Caritta,Bennen,6/19/1985,"Grenadier, common"
640-33-1190,Panchito,Baude,2/5/1976,"Avocet, pied"
153-24-2563,Nita,Dieton,9/1/1998,"Bat, madagascar fruit"
585-95-3628,Terrye,Benting,4/8/1987,Darwin ground finch (unidentified)
417-01-5242,Anabella,Brightman,6/27/1988,"Cormorant, javanese"
838-27-4275,Sonnie,Siddell,11/23/1996,Sun gazer
760-05-6523,Ammamaria,Longridge,9/10/1974,"Macaw, blue and gold"
303-46-6350,Flory,Deshorts,10/20/1997,North American beaver
360-65-1628,Brigid,Orwell,4/4/1983,Galapagos albatross
702-89-6050,Diannne,Daville,3/29/1982,Praying mantis (unidentified)
609-87-2115,Devi,Kroin,12/20/1996,"Snake, eastern indigo"
230-43-1412,Nissa,Voase,2/20/1982,Cuis
323-07-6861,Raquel,Mahady,2/15/1973,"Racer, american"
840-59-6701,Willy,Barenski,1/27/1976,"Swan, trumpeter"
441-53-6621,Karoly,Persian,3/6/1994,"Francolin, swainson's"
304-58-8486,Diena,Stollen,2/24/1987,"Bandicoot, short-nosed"
570-90-3855,Hedi,Calcott,12/4/1995,"Woodcock, american"
876-22-0513,Frederick,Haulkham,11/16/1982,"Ass, asiatic wild"
667-92-2366,Ulric,Filov,9/1/1992,Long-tailed skua
623-81-5738,Hastie,Grieveson,3/18/1976,"Pigeon, feral rock"
767-46-8016,Veradis,Glynn,11/20/1998,Red lava crab
848-25-4487,Martica,Maypowder,8/2/1997,Tyrant flycatcher
748-46-8576,Hill,Rosenbush,5/1/1998,"Porcupine, african"
166-67-7570,Brendon,Enochsson,8/28/1995,"Sunbird, lesser double-collared"
621-92-9376,Andrus,Eglese,12/29/1975,"Otter, canadian river"
720-28-7530,Norean,Fewell,5/29/1979,Bushpig
188-32-8239,Jareb,Monkleigh,1/17/1977,"Eagle, long-crested hawk"
819-56-9768,Ravi,Dumberell,3/11/1984,"Quail, gambel's"
624-68-6758,Korey,Benkhe,8/22/1978,"Goose, greylag"
214-62-8967,Sal,Paddle,11/23/1978,Eurasian hoopoe
664-26-2936,Sharon,Tesh,3/3/1977,Comb duck
293-94-3230,Valera,Bourne,3/15/1985,American crow
397-51-8744,Ebenezer,Cardenas,3/1/1993,Eleven-banded armadillo (unidentified)
807-73-9585,Daphene,Haydn,7/22/1997,"Ox, musk"
633-66-3073,Aeriel,Droogan,4/13/1979,"Peccary, collared"
120-78-8242,Sidonia,Fache,11/5/1992,"Cockatoo, sulfur-crested"
688-10-5507,Winthrop,Bavidge,10/10/1990,"Wolf, common"
553-51-1526,Maisey,Yitzhok,7/2/1977,Nubian bee-eater
359-91-1372,Clifford,Aldis,2/7/1985,Common palm civet
793-04-0011,Fran,Pesticcio,4/6/1991,"Porcupine, african"
897-23-5471,Lorri,Dumbare,4/29/1986,Carmine bee-eater
553-75-9383,Agosto,Troni,1/5/1980,Margay
846-70-9139,Michal,Tirte,10/14/1979,Turtle (unidentified)
649-19-0927,Caesar,Pinckard,1/23/1991,Mule deer
832-48-2534,Layla,Delgado,7/3/1996,African pied wagtail
729-56-5760,Aida,Vockings,11/15/1998,Galapagos hawk
359-69-2320,Hieronymus,Spondley,10/29/1999,"Goose, andean"
589-14-5602,Oren,Elacoate,8/10/1973,Red-billed toucan
326-38-3416,Ragnar,Duchart,5/30/1979,Striated heron
377-99-3390,Verine,Garatty,10/20/1979,"Kangaroo, eastern grey"
577-33-2300,Tremain,Haggard,8/2/1984,"Dunnart, fat-tailed"
427-80-2479,Joela,MacKall,6/11/1999,"Lourie, grey"
804-92-4633,Gabbey,Cohen,5/22/1997,Crab-eating fox
568-54-0546,Cassondra,Ehrat,8/29/1978,Asian red fox
593-15-9287,Sissie,Senchenko,9/21/1994,Kirk's dik dik
891-75-3638,Laurie,Baughn,1/6/1997,Roan antelope
368-24-8620,Stephi,Ansty,7/7/1974,Savanna fox
579-17-4732,Marcelline,Durdy,12/13/1998,Stick insect
153-46-4938,Dav,Swatman,2/2/1988,American racer
690-06-5894,Cirstoforo,Hayller,2/18/1976,"Heron, boat-billed"
804-51-9431,Packston,Varren,6/7/1979,"Robin, white-throated"
631-37-0081,Ardenia,Tasker,3/28/1978,Saddle-billed stork
452-33-1686,Donaugh,Tooby,10/8/1981,"Hyena, striped"
332-49-5873,Alfredo,Brimm,8/28/1991,Southern black-backed gull
531-14-4447,Rhona,Caig,4/30/1991,Red-cheeked cordon bleu
621-08-1639,Burk,Izakson,8/16/1994,Ringtail cat
342-36-6784,Mercie,Baylay,8/14/1996,"Coatimundi, ring-tailed"
623-80-2284,Marve,Tubb,12/4/1992,"Flycatcher, tyrant"
853-72-3782,Evelyn,McNevin,12/8/1995,Gemsbok
393-37-5633,Alasteir,Sheeres,3/13/1973,"Flamingo, lesser"
323-25-9339,Zulema,Roderigo,5/18/1985,"Lark, horned"
458-45-5997,Alisa,Flamank,8/13/1997,Red meerkat
172-63-9307,Barrett,Lodin,3/22/1998,"Duck, comb"
126-88-6179,Cyrus,Grigg,12/3/1973,Elegant crested tinamou
233-89-8516,Samson,Iddiens,3/4/1992,Dark-winged trumpeter
642-59-5212,Elsi,Drewry,8/30/1994,Arctic ground squirrel
106-31-6625,Gardener,Magenny,11/22/1991,"Goose, spur-winged"
756-32-6026,Cody,Westwood,7/19/1985,Blue catfish
799-13-1811,Vitoria,Callaby,6/6/1978,"Hornbill, leadbeateri's ground"
730-11-1712,Kimberli,Ellicott,7/26/1989,"Gull, swallow-tail"
462-28-8469,Tildy,Presdee,8/13/1999,"Lion, asian"
473-05-7080,Sybille,Stebbings,6/6/1984,Blue wildebeest
540-46-8398,Layton,Chetwynd,8/12/1982,Arctic hare
769-87-9331,Olag,Schollar,3/12/1997,Blue fox
665-94-1701,Karole,Beveredge,4/27/1977,"Hoopoe, eurasian"
578-15-2816,Eli,Alloway,9/11/1997,Two-toed sloth
820-29-2162,Philbert,Dykes,12/18/1995,"Catfish, blue"
504-85-0613,Isis,Bisiker,6/18/1986,White-tailed deer
269-04-5646,Tamas,Karlowicz,8/29/1979,Ring-necked pheasant
232-04-1325,Vikki,Moules,5/2/1985,Land iguana
499-44-6863,Imelda,Cuseick,6/30/1980,"Kudu, greater"
135-29-8680,Noami,Oakly,8/10/1998,"Bulbul, african red-eyed"
694-87-4147,Brigida,Farrah,7/1/1989,Tiger snake
572-50-3427,Glad,Skrzynski,8/5/1980,Canadian river otter
330-33-0208,Merrill,Picford,7/26/1992,"Rhea, greater"
812-22-1129,Inger,Jannasch,7/23/1984,Bennett's wallaby
523-21-1403,Merrill,Hyde-Chambers,2/28/1985,Woylie
539-47-9458,Kip,Duffill,8/28/1997,White-rumped vulture
537-42-0382,Dale,Kelberer,4/23/1982,"Otter, african clawless"
675-71-6063,Dael,Camell,11/1/1986,Two-banded monitor
701-89-3370,Wayne,Cranham,9/16/1988,Elegant crested tinamou
872-04-7077,Rafaela,Marrett,11/14/1997,Manatee
521-82-0427,Radcliffe,Gisborne,1/21/1996,"Wallaby, dama"
397-50-9694,Tandie,Segge,6/24/1995,African snake (unidentified)
864-74-4218,Ina,Flew,10/22/1984,Crested screamer
843-57-3996,Ives,Pancoust,5/31/1990,Ring-necked pheasant
217-26-9817,Norris,Kapelhof,5/30/1986,"Vulture, lappet-faced"
330-93-9176,Dugald,Ellings,5/25/1999,"Crocodile, nile"
301-17-5027,Joleen,Capron,7/10/1997,Lava gull
702-78-3327,Esdras,Klasing,11/15/1979,Dusky gull
441-11-0712,Odilia,Smeath,8/28/1991,"Sandpiper, spotted wood"
266-80-6125,Rycca,McGilmartin,7/12/1986,Antelope ground squirrel
178-19-8945,Ardenia,Milbourne,1/12/1978,"Porcupine, prehensile-tailed"
235-78-9191,Deeann,Bane,11/19/1999,Kalahari scrub robin
714-24-4127,Ike,McBrady,4/4/1979,"Kookaburra, laughing"
436-35-5881,Irvin,De Maria,10/8/1982,"Whale, southern right"
546-86-3746,Arel,Halsted,1/13/1976,"Mynah, common"
290-22-0451,Ketty,Zupo,1/24/1976,Northern elephant seal
363-07-1129,Ritchie,Simner,5/12/1990,Black-winged stilt
836-36-2221,Jemie,Collings,5/19/1992,Miner's cat
485-24-4334,Krystalle,Flintoffe,6/13/1987,Arctic lemming
365-63-3933,Lawton,Phillips,7/6/1985,Green-winged macaw
788-93-2667,Sari,Alliband,10/10/1977,Silver-backed jackal
480-27-4553,Nalani,Montacute,12/2/1980,Goanna lizard
234-21-0215,Faber,Boissieux,2/23/1988,African fish eagle
446-36-9642,Nevins,Trippitt,7/17/1989,Blue shark
500-55-9393,Nobie,Sprey,6/8/1984,"Sloth, two-toed tree"
234-45-8114,Idette,Goodspeed,8/25/1987,Whip-tailed wallaby
767-20-6626,Ariadne,Fer,7/30/1997,Red-legged pademelon
838-99-5195,Roselia,Blow,12/2/1975,Spur-winged goose
517-54-2175,Brandon,Rockcliffe,4/29/1978,Flying fox (unidentified)
572-42-7001,Billi,Stanbury,7/2/1993,Long-tailed skua
365-56-5130,Fern,Leber,3/9/1990,"Starling, cape"
157-80-1598,Yasmin,Tulleth,9/2/1975,Sarus crane
195-43-0871,Fleurette,Spadazzi,3/5/1990,"Dove, little brown"
750-66-9729,Wyatt,Olivo,6/15/1994,"Bear, grizzly"
421-35-0897,Claribel,Baudassi,4/28/1976,"Dragon, netted rock"
638-71-0451,Edie,Cragell,2/3/1981,Sable antelope
316-41-4601,Myra,Reeveley,4/25/1978,Australian masked owl
809-36-1259,Chucho,Schneidau,1/22/1989,"Squirrel, uinta ground"
278-10-1517,Boonie,Goburn,6/3/1993,"Lion, steller's sea"
192-90-1717,Davidson,Wharf,9/15/1991,"Gnu, brindled"
603-02-9751,Noelani,Danielkiewicz,5/27/1979,Tsessebe
599-75-6907,Niko,Brightling,3/17/1998,Cape cobra
383-66-4364,Josephina,Lapre,7/4/1983,"Turkey, australian brush"
633-70-0019,Nertie,Cyseley,8/28/1987,Cormorant (unidentified)
690-67-7563,Gordan,Warsop,5/4/1980,"Duiker, common"
100-42-1245,Dacie,Sebastian,1/6/1999,"Lizard, goanna"
435-27-6943,Madelle,Abotson,9/14/1976,"Cardinal, black-throated"
826-41-4664,Lenee,Wyman,7/8/1998,"Woodcock, american"
554-30-4513,Oona,Pina,9/22/1979,Hudsonian godwit
602-37-0462,Celinda,Tramel,8/17/1975,Campo flicker
275-25-8919,Hector,MacCollom,9/22/1985,Secretary bird
808-39-4902,Minni,Stickels,12/24/1993,"Raccoon, common"
816-39-8975,Wyatan,Micheau,2/8/1986,"Rhinoceros, square-lipped"
148-35-4396,Quentin,Marcone,5/22/1977,Indian jackal
756-19-4521,Raddy,Sallnow,8/19/1984,Vicuna
517-49-7750,Fair,McGuiness,2/6/1979,"Kingfisher, pied"
238-81-0461,Jo,Shoard,12/22/1978,"Kangaroo, red"
802-55-6130,Ivor,Lusted,2/1/1994,Suricate
412-16-9942,Florette,Coldbath,5/5/1982,White-throated monitor
138-57-6170,Linzy,Darlaston,9/19/1993,Honey badger
195-95-5227,Rip,Delahunty,1/18/1979,"Gull, southern black-backed"
717-99-2142,Claire,Clemetts,1/20/1995,Australian magpie
689-82-9142,Hill,Cambell,6/11/1996,"Snake, green vine"
643-20-4690,Esmeralda,Matuskiewicz,2/21/1977,King cormorant
837-92-4831,Carter,Francis,12/23/1980,"Snake, western patch-nosed"
397-79-7984,Valerye,Upstell,9/1/1995,Palm squirrel
670-81-7844,Lulu,Morgon,1/29/1974,Gerenuk
514-40-9616,Miltie,Oxbie,7/3/1979,"Pheasant, common"
811-14-0238,Harriette,Jeandon,9/11/1990,"Siskin, pine"
191-92-2839,Jamima,Soper,9/25/1978,"Lynx, african"
823-89-9577,Felicity,Cessford,2/9/1996,"Squirrel, thirteen-lined"
627-94-6351,Aristotle,Ostick,8/31/1993,Honey badger
410-32-6445,Oliver,Gartside,6/15/1989,Verreaux's sifaka
268-22-4197,Tabitha,Shefton,9/16/1989,"Marshbird, brown and yellow"
629-15-2816,Keith,Chataignier,4/24/1991,White-bellied sea eagle
502-62-6212,Koenraad,Greste,11/25/1997,"Antelope, sable"
425-17-3658,Almeta,Taile,10/31/1986,"Bustard, kori"
585-04-3989,Washington,Adelsberg,7/17/1988,Nile crocodile
806-06-6233,Danya,Heinlein,7/9/1985,Yellow-brown sungazer
679-75-5699,Noam,Imlen,6/12/1975,"Armadillo, seven-banded"
599-56-1356,Aymer,Minifie,5/17/1977,Brown brocket
423-86-6931,Cinderella,Lister,5/19/1982,"Capuchin, brown"
226-50-7448,Amalie,Fitchet,11/1/1996,"Armadillo, seven-banded"
352-36-2803,Corrie,Lidgely,12/2/1991,Platypus
393-95-1053,Corey,Maccraw,11/14/1986,European stork
374-83-9718,Tobe,Esposita,6/6/1981,"Grenadier, purple"
457-27-2348,Marty,Ben,1/27/1979,Two-toed tree sloth
784-43-5523,Ronnie,Dinsale,10/22/1974,"Raccoon, common"
178-49-2105,Lida,Stallibrass,1/31/1987,Ring-necked pheasant
188-28-7739,Tallulah,Strut,7/13/1988,American beaver
636-87-6561,Arley,Lorain,7/27/1979,Dromedary camel
231-44-7170,Emlen,Lovelace,4/25/1999,White-fronted bee-eater
118-87-2778,Rasia,Jessup,10/6/1984,Cobra (unidentified)
881-23-1716,Redford,Matteau,10/11/1978,"Anteater, giant"
813-99-5297,Alex,McGavin,7/10/1982,Blackish oystercatcher
375-58-7216,Karee,Catterson,6/24/1973,"Cormorant, javanese"
200-41-4968,Camey,Eborall,9/28/1995,Asian water dragon
490-87-6462,Clem,Hamill,9/12/1998,Red-winged hawk (unidentified)
766-59-2603,Kristyn,Cavy,9/13/1980,White spoonbill
220-06-7607,Dagny,Meah,8/15/1987,"Bulbul, black-eyed"
322-08-7862,Penni,Askie,10/21/1981,"White-eye, cape"
547-43-8791,Chad,Blakeden,4/25/1986,"Cat, native"
551-06-3724,Marilin,Kille,10/31/1974,"Toucan, red-billed"
495-34-5561,Wenona,Dockery,3/26/1975,"Barbet, crested"
505-34-0784,Marguerite,Gaskell,10/17/1981,"Crane, sandhill"
294-66-1814,Alejandrina,Masse,3/5/1982,"Squirrel, richardson's ground"
493-89-8367,Aprilette,Jados,3/16/1990,"Rattlesnake, dusky"
824-28-6311,Dilly,MacCrackan,2/10/1979,"Hornbill, leadbeateri's ground"
540-37-1541,Harlin,Jacobson,10/30/1977,"Badger, european"
874-68-7506,Riva,Rollingson,5/25/1998,Little blue penguin
420-57-3185,Sherill,Jindra,3/18/1977,"Porcupine, tree"
411-16-1385,Mellie,Degg,11/25/1988,"Siskin, pine"
894-93-9205,Genna,Chooter,5/19/1981,Stick insect
484-96-5969,Ephrem,Dionisi,4/29/1998,"Sunbird, lesser double-collared"
241-36-2626,Court,Neachell,8/18/1976,Sally lightfoot crab
802-88-6318,Hank,Osmint,11/5/1996,Crowned eagle
287-74-9393,Rhett,Hebbron,12/20/1979,"Owl, snowy"
444-47-4008,Julina,Scading,7/6/1992,"Hornbill, leadbeateri's ground"
371-70-8836,Gail,Dullard,10/26/1994,Striped dolphin
273-95-5918,Loise,Syncke,10/8/1994,"Genet, common"
285-81-0842,Klement,Izac,7/29/1984,Oriental short-clawed otter
447-12-4331,Mattheus,Youngs,7/10/1979,"Admiral, indian red"
343-12-5318,Josefina,Monkton,9/12/1999,Egyptian cobra
682-57-8127,Cybil,Huggard,9/18/1975,"Porcupine, african"
337-91-5577,Lilly,Shinner,10/23/1995,Indian red admiral
502-09-0006,Laural,Firbanks,9/18/1980,Frilled lizard
358-70-6632,Tarrah,Cholerton,2/21/1981,"Dolphin, bottle-nose"
287-02-3294,Merrilee,Thresh,12/27/1983,"Squirrel, smith's bush"
185-36-3389,Mattias,Foss,4/17/1978,Red sheep
250-40-6709,Ruttger,Croisdall,1/12/1978,Asiatic wild ass
364-13-4955,Rubin,Gowler,2/25/1983,Cape cobra
369-66-9866,Linell,McCarter,10/15/1987,"Lemur, brown"
521-34-5223,Cristal,Summerson,6/18/1985,Black-backed jackal
836-22-0602,Arman,Scurrell,2/18/1976,White rhinoceros
214-88-7580,Madlin,Escoffier,2/15/1988,Coqui partridge
521-66-9406,Charmaine,Ellingworth,1/12/1978,European spoonbill
667-64-2264,Devora,Robeiro,1/14/1981,Savanna baboon
656-95-7515,Lucius,Slingsby,7/8/1994,Cereopsis goose
170-52-1506,Meridel,Brendish,3/18/1978,North American river otter
184-59-2016,Yank,Whyler,5/27/1994,"Snake, carpet"
376-67-3096,Cob,Laborde,3/14/1986,Rhesus monkey
100-19-3406,Emelyne,Cheevers,8/12/1981,"Snake, eastern indigo"
345-21-7184,Nat,Rivalant,12/15/1973,Grizzly bear
182-38-3108,Josephina,Lansberry,1/25/1991,"Rhinoceros, white"
677-02-7883,Mirella,Napper,4/19/1973,"Wallaby, bennett's"
248-53-6965,Delilah,Pignon,8/19/1973,"Snake, green vine"
356-02-9917,Rania,Collison,2/16/1992,"Owl, madagascar hawk"
824-34-3991,Moss,Fendt,6/11/1983,"Turkey, wild"
705-66-6083,Algernon,Stokes,11/26/1990,Black-footed ferret
864-29-1830,Zulema,Bidnall,8/16/1980,"Turtle, eastern box"
114-51-4230,Cissy,Lonie,11/15/1983,"Gonolek, burchell's"
116-86-9976,Jenni,Scamadine,12/21/1987,"Cat, african wild"
279-76-4822,Charity,Edwins,12/4/1992,"Marten, american"
430-84-6308,Marilin,Fihelly,1/8/1992,Prairie falcon
305-34-4513,Florella,Aizikowitz,1/2/1989,"Oryx, beisa"
495-36-6373,Colin,Lowell,5/2/1978,"Jackal, silver-backed"
481-02-7664,Mirelle,Russon,10/17/1999,Vicuna
107-84-0448,Antonius,Trinder,5/23/1976,Groundhog
799-57-5837,Tonnie,Rigts,11/26/1995,"Flamingo, lesser"
676-55-6446,Cheslie,Ritchie,12/30/1982,Canada goose
823-13-2160,Querida,Paulot,12/24/1976,"Crab, red lava"
463-87-9073,Alberta,Peever,12/7/1984,"Pelican, brown"
810-16-6829,Niven,Danilov,3/23/1992,Red squirrel
438-57-0351,Alyce,McNeilly,1/4/1991,Yellow-billed hornbill
302-45-6434,Marjorie,Mabon,11/20/1979,Baleen whale
376-18-2773,Wilt,Sommer,1/16/1989,"Albatross, waved"
193-16-5792,Chicky,O'Scanlon,5/20/1979,Black-necked stork
410-60-7467,Ellery,Hatzar,1/16/1975,Giant heron
836-17-4902,Bunny,Zukierman,6/6/1976,"Tinamou, elegant crested"
471-88-1399,Jeffrey,Water,8/17/1994,"Cat, toddy"
267-58-3120,Burtie,Nevins,12/11/1996,Kori bustard
477-50-8429,Stan,Klus,3/16/1986,"Dove, laughing"
658-29-8552,Ethan,Jelks,8/10/1974,Sea birds (unidentified)
399-24-4427,Dan,Springford,12/6/1976,Gambel's quail
311-16-5201,Richy,Geyton,7/7/1977,"Catfish, blue"
510-47-8134,Arlee,McCrainor,7/2/1974,White-winged tern
153-84-1263,Wendeline,Murrie,3/3/1993,"Hornbill, leadbeateri's ground"
329-23-2523,Gottfried,Beany,8/21/1998,Little cormorant
308-98-6909,Shina,Mc Caughan,1/14/1975,Tsessebe
238-24-3711,Judie,Hamblett,1/10/1978,Giant armadillo
488-66-6375,Marin,Hunter,8/20/1979,"Hare, arctic"
542-30-1989,Wolfie,Heggs,4/7/1995,Greater flamingo
335-81-5302,Lee,Gurton,10/18/1984,Common wombat
535-97-1372,Brice,Anscombe,11/11/1984,"Corella, long-billed"
760-56-7761,Christy,Pattington,4/12/1990,Cottonmouth
229-34-4903,Simonette,Tille,11/28/1981,"Heron, yellow-crowned night"
773-57-6014,Jeanelle,Cosford,8/27/1978,"Grouse, greater sage"
194-09-1154,Hyman,Rasp,12/18/1993,Blue-tongued skink
479-87-8734,Kerri,Vowell,12/10/1996,Mule deer
381-72-1717,Leyla,Ipsley,9/9/1977,African clawless otter
156-50-6244,Gloriana,Safell,7/15/1973,"Monkey, red howler"
500-27-0697,Meggie,Johansson,7/28/1999,Mara
729-54-9980,Wallie,Stonhewer,9/7/1975,"Zebra, common"
787-92-7779,Sula,Wyre,9/9/1984,Southern ground hornbill
746-30-0099,Courtney,Glidder,4/20/1978,Black-tailed deer
502-20-3955,Myrtle,Passion,6/23/1999,"Penguin, fairy"
279-03-4323,Carmelina,Lornsen,2/11/1999,"Waterbuck, common"
200-64-0115,Curt,Adriani,8/9/1973,"Francolin, coqui"
208-89-5809,Loleta,Crewther,10/11/1988,"Glider, squirrel"
454-63-4177,Daisy,Lazonby,5/23/1974,"Gecko, ring-tailed"
328-91-2546,Conny,Ortler,9/27/1978,Azara's zorro
160-15-2531,Connor,Gamblin,1/28/1983,African lynx
195-77-6086,Tiffy,Outibridge,12/21/1988,"Otter, giant"
358-69-5689,Anallese,Ainger,2/26/1977,Indian giant squirrel
806-44-7253,Reed,Kenneway,4/22/1983,Springhare
604-86-8847,Kimball,Jannaway,10/27/1986,Butterfly (unidentified)
490-28-9402,Candide,Yerson,12/10/1983,"Iguana, land"
492-54-1929,Daron,Ellesworthe,5/30/1991,Brazilian tapir
875-09-6603,Griz,Beig,12/11/1991,"Gnu, brindled"
175-20-8977,Ingra,Breem,8/6/1977,Potoroo
883-62-8764,Sherrie,Storm,4/12/1973,"Duck, mountain"
144-69-1596,Emerson,Salt,7/4/1986,Paca
414-72-0761,Conrade,Merrell,2/18/1986,Reindeer
464-60-5064,Emalia,Iacovacci,9/5/1994,"Capuchin, white-fronted"
837-67-0479,Lainey,Yvon,9/30/1986,Green vine snake
579-03-7302,Obed,Wingeat,4/15/1981,"Kangaroo, red"
657-28-2697,Alister,Mitchenson,4/28/1999,"Eagle, bald"
238-11-0775,Arline,Broske,2/15/1999,"Vulture, oriental white-backed"
567-65-7049,Gustav,Byrom,1/4/1994,Asian foreset tortoise
182-61-9711,Ikey,Morfell,3/12/1974,"Monitor, two-banded"
233-46-6490,Goldina,Victoria,4/29/1998,"Viper, egyptian"
243-92-7043,Nerte,Killcross,8/7/1979,Little brown bat
446-88-6791,Annis,Ploughwright,1/5/1974,"Stork, woolly-necked"
265-81-4315,Pepillo,Millson,10/18/1992,Indian leopard
249-59-0502,Austina,Emtage,3/15/1985,Chimpanzee
646-26-1153,Conn,Hould,1/28/1976,"Gonolek, burchell's"
318-55-3608,Ozzie,Copnell,2/11/1991,"Lizard, mexican beaded"
328-16-0394,Rudolph,Brigstock,6/16/1991,Hippopotamus
328-72-5390,Sherri,Witcherley,6/18/1990,"Whale, long-finned pilot"
178-16-3064,Mildrid,MacVean,1/11/1976,Egyptian vulture
259-14-8155,Jervis,St. Ledger,11/26/1981,Bateleur eagle
637-37-6362,Nicole,Jorio,7/23/1973,"Tortoise, burmese brown mountain"
153-21-5312,Min,Brychan,10/11/1989,Eleven-banded armadillo (unidentified)
215-35-6146,Harriot,Beeby,9/24/1981,Arboral spiny rat
281-77-7122,Virgie,Chipman,3/13/1992,Grey-footed squirrel
621-08-1245,Dotti,Wooffinden,4/3/1984,Kongoni
377-36-0320,Moyna,Ransom,8/6/1973,"Lapwing, southern"
691-68-4413,Ricky,Swarbrigg,10/7/1979,Galapagos tortoise
252-10-5085,Ricoriki,Beagrie,8/10/1973,Great horned owl
724-30-5113,Lazare,Elwell,7/21/1981,Antelope ground squirrel
411-45-5546,Pauly,Heifer,7/15/1978,"Crow, american"
732-99-7291,Irina,Blune,2/27/1988,"Lechwe, kafue flats"
348-37-8626,Stephen,Westlake,3/27/1998,"Tern, white-winged black"
566-20-2055,Felicle,Robillart,10/14/1973,Currasow (unidentified)
498-04-3386,Rowney,Toomer,1/5/1993,"Snake, green vine"
130-95-0710,Marchelle,De Benedetti,12/20/1976,"Rhea, gray"
814-61-6882,Alano,Gottschalk,1/13/1982,Small-clawed otter
733-77-7053,Alexi,Schneidar,9/25/1990,"Plover, three-banded"
341-32-4655,Faustina,Speers,5/30/1996,Boat-billed heron
463-38-3428,Linette,Ranner,1/27/1985,Lapwing (unidentified)
103-22-4036,Hanna,Lewnden,3/9/1995,"Badger, honey"
192-17-1424,Amabelle,Stucksbury,11/9/1979,Indian giant squirrel
238-19-6679,Anstice,Bambridge,12/13/1976,"Cat, african wild"
289-89-6899,Martynne,Anstead,10/16/1983,"Puffin, horned"
819-76-7390,Paloma,Kilgallon,11/26/1973,White-winged tern
889-86-6088,Norene,MacArthur,1/29/1993,Indian red admiral
493-58-9829,Korella,Redwin,3/28/1976,Steller's sea lion
448-99-3991,Woodman,Kigelman,4/12/1990,"Gull, pacific"
332-88-9627,Evyn,Ginni,11/3/1994,Greater sage grouse
559-38-6618,Kira,Hurt,3/26/1989,"Skink, blue-tongued"
778-43-0460,Franz,Klauber,5/17/1974,"Wallaby, agile"
752-44-0948,Kai,Yankishin,11/10/1997,Southern right whale
161-07-6978,Griff,Cheers,5/26/1999,"Echidna, short-beaked"
155-70-0667,Korney,Hacard,2/9/1977,Eastern cottontail rabbit
344-93-9951,Auria,Gilliat,4/27/1977,"Snake, tiger"
158-03-3414,Alida,Severns,11/28/1997,"Cormorant, great"
544-55-6767,Chicky,Carette,3/24/1973,"Otter, north american river"
514-35-9803,Tyler,Halford,11/14/1999,Paddy heron (unidentified)
797-68-5282,Horst,Ingles,4/20/1991,Oriental short-clawed otter
241-13-9128,Broddy,Cullabine,7/12/1986,"Boa, malagasy ground"
692-81-0770,Michel,Dakhov,2/5/1984,"Langur, gray"
699-95-8222,Nevsa,Linstead,7/18/1979,"Beaver, north american"
362-77-2836,Gerrilee,Kennedy,6/8/1987,Grizzly bear
622-01-9767,Regen,Greaves,9/5/1993,"Lion, galapagos sea"
322-33-6553,Virge,Stut,6/24/1988,"Hyena, spotted"
193-63-9724,Joanna,McRannell,4/5/1985,"Cormorant, large"
374-47-3872,Kathie,Merriment,2/21/1993,Fat-tailed dunnart
726-96-8407,Anson,Pavlovsky,12/4/1974,Common mynah
628-74-9707,Gerda,Donner,5/1/1992,"Avocet, pied"
325-42-0944,Saudra,Jenkin,12/19/1986,"Pigeon, feral rock"
247-63-9604,Alexis,Downes,5/11/1990,Monitor lizard (unidentified)
270-18-9162,Maryellen,Sidry,2/10/1974,Cormorant (unidentified)
280-12-7966,Michaela,Saw,10/19/1989,"Creeper, black-tailed tree"
433-77-8813,Guy,Mc Combe,6/30/1997,"Loris, slender"
284-32-3983,Beltran,Worsham,12/19/1984,Emerald green tree boa
893-67-6734,Richy,Caselli,11/13/1979,Gila monster
785-92-9826,Shandy,Mattacks,7/7/1997,Common melba finch
255-09-9808,Zonnya,Gianolo,11/3/1991,Blue racer
137-95-2778,Roanne,Heaysman,12/27/1981,"Pheasant, ring-necked"
886-39-2463,Olwen,Milburne,5/3/1983,Black-fronted bulbul
369-42-0051,Duffy,Shevill,9/21/1983,"Mongoose, eastern dwarf"
819-54-2891,Rafaelita,Pieroni,8/21/1979,"Shrike, common boubou"
718-15-6092,Samara,Rieger,10/31/1973,Lesser mouse lemur
261-35-2235,Sylvia,Normanvill,9/30/1999,"Crane, brolga"
315-16-7389,Chanda,Bazoge,2/8/1973,"Peacock, blue"
153-64-2879,Giovanna,Sundin,5/6/1985,Little heron
496-31-4456,Eamon,Fagan,3/28/1996,Monitor lizard (unidentified)
862-03-2174,Enrique,Rosengarten,3/25/1983,Denham's bustard
683-18-7255,Norri,Gregoriou,9/12/1995,Ring-tailed coatimundi
820-78-8870,Elliot,Moehler,10/2/1999,"Buffalo, wild water"
864-67-7460,Frannie,Lippatt,9/9/1977,Asian elephant
305-30-3738,Shermy,Kezor,5/17/1994,Galapagos penguin
545-86-3228,Butch,Woodwing,5/23/1998,Worm snake (unidentified)
473-33-4713,Taylor,Fee,10/31/1991,"Eagle, pallas's fish"
452-43-0568,Niko,Daviddi,10/1/1997,Stone sheep
134-23-9642,Ronica,Given,8/14/1975,Large cormorant
576-03-2096,Trip,Cotterrill,9/16/1987,Sarus crane
487-26-7126,Jerrold,De Souza,3/3/1981,"Cat, european wild"
841-83-7916,Maximilien,Hadcock,12/29/1979,Tropical buckeye butterfly
743-98-9962,Barty,Duddan,8/2/1976,White-fronted capuchin
396-49-7018,Gunner,Whorlow,4/12/1988,"Toucan, red-billed"
823-29-1955,Fay,Feetham,11/5/1978,"Raven, white-necked"
551-69-4236,Estevan,Fraanchyonok,4/14/1976,African elephant
759-81-5324,Ernaline,Larchiere,2/9/1992,Onager
328-75-5160,Constance,Ogg,12/13/1980,"Lemur, brown"
536-46-3195,Ancell,Pritty,8/17/1995,"Baboon, savanna"
614-71-8401,Yolanda,Pigeram,12/31/1986,Australian brush turkey
508-08-2015,Maisie,Aberkirder,8/18/1975,Black-capped capuchin
620-30-8139,Stefano,Kleeman,9/19/1991,"Gull, swallow-tail"
337-64-9775,Broderic,Rown,2/4/1973,Eastern white pelican
882-18-6402,Cleve,Carlesso,3/9/1975,"Wapiti, elk,"
259-09-4504,Adriane,Gourdon,1/10/1997,"Racer, blue"
350-06-6084,Merrick,Cambell,6/17/1997,Red kangaroo
545-01-6995,Chrissy,Caudwell,10/8/1995,"Cockatoo, roseate"
228-68-5598,Cacilie,Swigger,8/19/1977,"Goose, andean"
889-53-6449,Ewell,McQuillen,6/16/1974,Springbok
563-61-5215,Goldia,Babar,1/23/1996,"Racer, american"
794-17-1963,Kelsey,Hepher,9/19/1995,Great cormorant
103-42-1024,Madelena,Ainslie,7/4/1985,"Jackal, asiatic"
373-08-7345,Cherin,Glamart,1/24/1992,"Lemming, collared"
200-72-3401,Malissa,Rickson,10/12/1978,"Vulture, egyptian"
262-07-7301,Arliene,Lozano,4/1/1974,"Cormorant, pied"
224-26-8945,Betsey,Clappison,5/11/1994,"Shelduck, european"
688-10-8154,Carolin,Kobel,11/16/1989,"Pelican, great white"
589-45-8532,Arda,Harrinson,2/6/1998,Black-throated cardinal
370-42-7585,Chicky,Dyerson,3/5/1993,European spoonbill
650-10-4079,Joanie,Millott,5/28/1975,Silver-backed fox
456-59-9778,Eirena,Bartosek,2/24/1980,"Tortoise, burmese black mountain"
780-44-7267,Scotti,Lambe,7/7/1984,"Waxbill, blue"
297-08-9317,Gustaf,Filippo,12/28/1985,Sambar
334-75-1226,Jeannine,Tremoille,4/7/1984,"Penguin, magellanic"
364-65-5399,Eulalie,Muge,2/10/1983,Suricate
334-60-0125,Rosanne,Gofford,4/1/1980,Rhesus macaque
274-65-2921,Levey,Figgins,9/16/1998,Nelson ground squirrel
389-17-4222,Dorian,Haldene,3/22/1983,"Lizard, collared"
687-43-2117,Daron,Brisco,10/25/1974,"Turkey, wild"
786-24-6879,Waylen,Kornacki,4/21/1973,Frilled lizard
782-25-5993,Charlotta,Ellens,3/13/1994,Bird (unidentified)
754-71-1843,Elenore,Hollyard,4/3/1974,Dingo
261-32-6339,Lorene,Brunesco,10/22/1995,"Shrike, common boubou"
127-05-3753,Evangelia,Davie,7/30/1975,Kinkajou
259-69-2791,Rutledge,Gwin,3/21/1991,Short-nosed bandicoot
722-80-2827,Vincents,Ahlin,12/19/1999,Long-tailed skua
551-28-1313,Emyle,Schrieves,7/30/1981,"Eagle, bateleur"
797-31-3632,Ramsay,Statham,10/17/1990,"Lemur, ring-tailed"
186-43-6724,Huey,Gaffer,6/7/1990,Silver-backed jackal
268-95-6163,Elna,Jenik,3/9/1975,"Moorhen, purple"
333-05-9273,Armando,Halshaw,7/14/1993,"Beaver, north american"
637-81-1841,Uta,Crigin,6/29/1977,Currasow (unidentified)
512-37-0952,Giacobo,Fox,11/16/1981,"Bustard, stanley"
119-62-8659,Yuri,Molyneux,7/22/1975,Beisa oryx
590-07-6366,Candace,Amner,9/3/1985,Red-winged hawk (unidentified)
789-81-8755,Shelli,Seathwright,6/16/1978,"Deer, red"
100-68-9390,Cherianne,Krzyzowski,11/16/1976,"Booby, masked"
396-31-6577,Jase,Comben,1/20/1975,Australian brush turkey
530-65-0930,Maura,Chasteney,10/1/1999,Magellanic penguin
491-17-9880,Hobey,Gwynn,9/1/1987,"Monkey, vervet"
257-04-9523,Karin,Mellor,11/27/1990,Suricate
186-14-5155,Gerti,Gerrelts,7/19/1981,Plains zebra
581-60-6403,Georgi,Raye,12/27/1993,"Cow, scottish highland"
355-91-0474,Cash,Cambling,8/3/1988,"Moorhen, purple"
551-02-6941,Cyb,Ronchka,12/30/1975,Southern brown bandicoot
221-09-4872,Mina,Sketch,7/16/1984,"Lemur, brown"
845-41-2842,Griffie,Cadell,3/25/1982,Ring-tailed lemur
481-52-2606,Kendra,Doncom,6/19/1989,"Fox, silver-backed"
550-25-6171,Inge,Mulvihill,7/6/1992,Black-footed ferret
503-31-0417,Shoshana,Coaten,6/20/1990,"Turaco, violet-crested"
808-82-5006,Xylina,Dann,5/28/1998,"Sunbird, lesser double-collared"
861-48-1909,Olivette,Tavener,3/23/1999,Chital
878-71-8703,Jodie,Sabates,6/11/1987,"Wolf, timber"
369-19-8139,Lianna,Littlechild,6/6/1993,Long-tailed jaeger
842-85-6497,Lezlie,Nevin,12/26/1995,Slender loris
614-46-1796,Ninette,Schutte,10/27/1997,"Lizard, desert spiny"
608-38-8274,Gustavo,Innwood,1/2/1974,Indian tree pie
158-30-3149,Simonette,Wetter,12/12/1979,"Dove, emerald-spotted wood"
877-05-9649,Barbabas,Newsome,10/9/1977,Eastern diamondback rattlesnake
865-62-1539,Carry,Powdrell,3/15/1984,Elegant crested tinamou
571-90-1154,Farrel,Morigan,3/3/1975,King vulture
724-77-6760,Audre,Garrat,10/16/1982,"Squirrel, african bush"
558-98-1443,Winnifred,Smallwood,8/10/1982,"Heron, boat-billed"
434-42-7149,Anni,MacGibbon,3/5/1981,Musk ox
325-80-6490,Beverley,Gensavage,6/14/1987,Large-eared bushbaby
262-55-8161,Yolanda,Bottjer,11/28/1992,Red-billed buffalo weaver
118-36-7817,Wilt,Harnwell,12/14/1988,Civet (unidentified)
699-07-7347,Loralyn,Vedmore,6/28/1992,House crow
483-62-3323,Donaugh,Byneth,4/1/1996,"Glider, squirrel"
547-21-0281,Brinna,Fyldes,10/6/1996,"Hartebeest, coke's"
736-57-9301,Nikki,Causnett,5/4/1995,Malagasy ground boa
472-45-0283,Lesley,McCree,5/11/1982,"Lion, steller sea"
857-66-3265,Chaim,McFeat,7/23/1991,Savanna baboon
756-15-6575,Percy,Barz,1/31/1998,"Avocet, pied"
543-92-5392,Sarena,Brabbins,10/26/1992,"Eagle, bateleur"
173-34-5066,Andrea,Kaasman,12/31/1979,"Seal, northern elephant"
178-08-9635,Steward,Folger,6/12/1998,Asian red fox
333-66-2816,Joline,Mompesson,6/25/1975,Ant (unidentified)
537-75-9747,Ronny,Catlin,8/8/1984,Southern right whale
715-02-4300,Sherwynd,Knevett,1/1/1975,Pacific gull
395-40-4710,Ajay,Babalola,4/13/1987,"Magpie, black-backed"
402-59-5965,Donny,Calderbank,10/20/1976,"Tarantula, salmon pink bird eater"
281-15-2634,Cloris,Lefort,8/8/1975,"Camel, dromedary"
607-07-7160,Minette,Domelaw,9/30/1980,Cook's tree boa
791-51-4683,Ferne,Hatherley,6/30/1980,"Wombat, southern hairy-nosed"
656-65-4909,Ham,Fosdike,10/21/1978,Indian mynah
367-19-0255,Omar,Thaw,7/22/1995,"Otter, north american river"
814-69-4620,Sebastiano,Tyrwhitt,6/16/1975,"Puma, south american"
843-32-1366,Hester,Ferdinand,1/10/1988,"Capuchin, weeper"
152-65-8957,Gregoire,Garrat,10/18/1982,"Vulture, egyptian"
555-50-9282,Stevena,Kenrat,12/29/1983,Bleeding heart monkey
202-53-5667,Lothaire,Strelitzer,2/9/1976,"Lion, steller sea"
832-14-7407,Tuesday,Durrell,8/12/1989,"Duiker, common"
285-89-1283,Nicoli,Gheeorghie,3/30/1974,"Marten, american"
328-85-7935,Aldin,Origan,12/19/1994,"Frogmouth, tawny"
277-74-1769,Albie,Stripp,8/25/1977,Red-legged pademelon
333-45-4162,Angie,Hurlestone,1/7/1975,Slender-billed cockatoo
898-03-9533,Tabby,Edon,12/31/1987,Southern lapwing
450-56-0490,Di,Dowsey,6/17/1981,Hanuman langur
701-93-8532,Humfried,Briscow,5/20/1985,Brolga crane
755-85-0580,Shane,Bolding,3/24/1994,Blue racer
220-26-2588,Ediva,Slopier,10/31/1979,"Hawk, ferruginous"
222-81-0228,Wilmar,Knotte,8/24/1994,"Kiskadee, great"
500-73-7470,Perle,Scothern,12/21/1999,"Hare, arctic"
215-93-1363,Bourke,Sinott,11/6/1989,"Cockatoo, sulfur-crested"
314-14-6871,Cross,Norvell,7/9/1996,"Civet, common palm"
783-28-2127,Pren,Del Dello,5/28/1975,"Deer, spotted"
417-21-9780,Erika,Reaman,10/2/1999,Tyrant flycatcher
368-57-0949,Farleigh,Kmicicki,2/12/1983,Marine iguana
396-39-3955,Kalila,Agerskow,7/30/1984,European shelduck
584-38-7481,Nell,Bollard,11/19/1974,"Nighthawk, common"
497-01-2127,Amargo,Elloy,6/8/1987,"Magpie, australian"
275-48-0934,Sigrid,Comley,10/13/1985,Steenbok
241-51-3185,Udale,Duigan,8/25/1983,"Wallaby, whip-tailed"
361-24-7421,Anneliese,Grewes,11/10/1987,Blue waxbill
259-55-6605,Darrin,Ference,5/20/1983,"Turtle, eastern box"
149-03-4347,Barbie,Monckman,2/26/1974,Galapagos tortoise
415-09-3451,Mei,McTurlough,11/5/1981,Yellow-billed hornbill
360-26-9079,Jock,MacDearmaid,11/30/1974,"Cat, long-tailed spotted"
630-73-8988,Wash,Macro,11/3/1978,"Peacock, blue"
767-16-5187,Casey,Guido,5/23/1981,"Squirrel, eastern fox"
855-81-8579,Lindon,Eggleston,9/13/1998,"Devil, tasmanian"
769-01-6936,Gabriele,Elfe,9/9/1999,Long-crested hawk eagle
686-88-6264,Tamas,Taudevin,12/8/1993,Giant otter
155-13-1238,Ulysses,Blaxall,2/7/1974,Nile crocodile
793-17-1015,Phillipp,Daw,10/16/1991,Tayra
159-53-9686,Charity,Crayden,1/13/1974,House sparrow
809-43-5816,Jefferson,Glackin,7/12/1993,"Rabbit, eastern cottontail"
813-66-5817,Ronica,McGing,2/10/1986,"Skimmer, four-spotted"
297-58-1007,Dorey,Hotton,6/1/1974,"Vulture, griffon"
783-32-8941,Bartholomeo,Mathiot,5/28/1990,"Eagle, african fish"
746-36-0046,Elbertine,Noot,7/13/1998,"Phalarope, red"
897-43-7088,Humbert,Snalum,3/11/1975,"Lizard, giant girdled"
390-17-8170,Ansel,Dunthorn,9/6/1983,Golden jackal
610-74-4626,Gwenny,Jerche,4/19/1992,"Dragonfly, russian"
796-20-5325,Ozzie,Fominov,12/17/1991,"Stork, white"
147-91-3562,Devin,Larimer,12/22/1999,Black-faced kangaroo
479-13-4020,Roslyn,Haucke,10/8/1979,Western patch-nosed snake
249-03-6804,Charita,Renne,11/18/1987,"Lion, south american sea"
463-32-5299,Kristal,Rocks,7/28/1993,Lesser mouse lemur
268-51-0149,Julianna,Walesa,4/18/1978,"Vulture, white-headed"
781-24-5683,Lenna,McGenn,7/19/1975,Indian leopard
319-30-3676,Raffaello,Vale,8/20/1994,"Crake, african black"
864-53-2468,Hasheem,Harvison,7/14/1987,"Baboon, chacma"
138-06-9181,Manon,Parrin,10/14/1975,"Hare, arctic"
461-79-4700,Egbert,Guess,9/10/1996,"Nuthatch, red-breasted"
197-47-7270,Samaria,Priden,8/8/1976,Thomson's gazelle
630-90-7146,John,Zannuto,8/5/1973,"Lemming, arctic"
502-94-1134,Ruthann,Wicken,5/20/1976,Nyala
160-78-5180,Keary,Biddiss,11/8/1973,"Pheasant, common"
435-38-4395,Christan,Wyley,1/20/1977,Kinkajou
860-64-6815,Karrah,Sturdgess,3/6/1998,Asian openbill
393-53-6469,Moreen,Ramsby,11/24/1986,Chameleon (unidentified)
408-67-5156,Northrop,Middleditch,8/18/1974,"Capuchin, black-capped"
349-70-1460,Bay,Measham,10/4/1998,Python (unidentified)
814-24-8266,Magdalen,Capehorn,8/21/1996,White-browed sparrow weaver
818-68-8886,Maddy,Eveling,11/29/1997,Racer snake
433-79-6976,Wilfred,Camfield,7/23/1996,Plains zebra
698-52-5300,Kelsi,Going,5/15/1997,Turkey vulture
324-19-8681,Carola,Simakov,2/10/1998,Blue-footed booby
892-50-3178,Haywood,Gaddesby,7/12/1976,African snake (unidentified)
694-31-7210,Deborah,Kinghorne,8/30/1975,"Anteater, giant"
256-21-6824,Stirling,Dreelan,3/8/1991,"Duck, blue"
328-33-6052,Tab,Briereton,7/8/1983,Great horned owl
860-74-8449,Sheilakathryn,Cheine,10/18/1984,Crowned hawk-eagle
772-76-4086,Axe,Hallett,8/8/1974,Small-clawed otter
587-87-4773,Sauncho,Braunroth,9/27/1993,"Alligator, mississippi"
378-92-1357,Nikos,Liddiard,11/14/1990,"Cat, cape wild"
208-79-9738,Caryn,Boynton,2/4/1980,"Seal, common"
683-97-4287,Lazarus,Yearn,2/28/1995,"Reedbuck, bohor"
839-96-6665,Holly-anne,Moyers,9/9/1979,"Skink, african"
885-28-3262,Ludovico,Verney,8/9/1991,Chacma baboon
616-37-4403,Tymon,Stood,9/6/1997,"Fox, crab-eating"
707-01-4111,Tracy,Mitchelmore,4/29/1988,"Hyena, brown"
624-55-4283,Kaspar,Iacovelli,9/28/1980,Polar bear
106-96-6208,Berti,Kubasiewicz,10/30/1985,Mexican beaded lizard
233-30-5394,Hazlett,Manolov,11/3/1999,Wild boar
321-91-8290,Dollie,McEwan,6/2/1973,Knob-nosed goose
248-90-1758,Roxanna,Deplacido,6/12/1978,Red meerkat
374-01-2476,Ruby,Evitts,11/1/1992,"Pintail, white-cheeked"
465-46-9215,Marthena,Batkin,5/28/1977,Desert spiny lizard
118-64-9783,Timothea,Rucklesse,9/23/1994,Black spider monkey
653-11-1351,Eberhard,Forge,7/8/1980,Pale white-eye
790-44-0030,Rica,Skoggins,7/14/1997,Long-billed corella
533-74-0134,Avery,Pretorius,7/3/1997,"Glider, sugar"
421-13-3687,Arlene,Errowe,8/5/1973,Jaguarundi
110-57-2304,Daniela,Ryhorovich,12/21/1973,"Stork, black-necked"
525-34-3216,Joshuah,Duplock,10/10/1979,Stick insect
868-87-9036,Gaile,Troker,7/5/1987,Lesser mouse lemur
152-95-7173,Kimble,Bannister,10/5/1973,"Sloth, two-toed"
439-92-9776,Jaclyn,Turrell,10/11/1988,Common wallaroo
100-59-8314,Leodora,Rosborough,12/24/1989,"Tern, royal"
239-89-6134,Shanan,Glasner,12/12/1991,Gray heron
496-72-3019,Barnett,Meugens,12/5/1986,Old world fruit bat (unidentified)
260-02-6013,Harmony,Moreno,6/10/1983,"Vulture, oriental white-backed"
601-52-8032,Halimeda,Rekes,5/9/1997,"Vulture, white-headed"
607-54-9142,Devlin,Grieves,10/22/1991,"Badger, eurasian"
526-71-7574,Josee,Hewkin,7/25/1981,Helmeted guinea fowl
425-15-3323,Marillin,Kroin,12/26/1977,"Crane, wattled"
254-60-3169,Judith,Shedden,9/6/1986,"Iguana, marine"
580-82-4025,Shawn,Collinge,7/28/1978,"Pelican, eastern white"
494-85-0692,Rebecca,Arnaudet,5/12/1989,"Racer, blue"
581-34-2061,Jed,Ware,5/25/1977,"Pelican, great white"
145-48-5787,Midge,Cicchetto,10/7/1987,Boat-billed heron
403-62-5337,Carole,Kingsnoad,1/24/1995,"Sungazer, yellow-brown"
433-52-8074,Merrilee,Emmanueli,12/20/1995,Spectacled caiman
239-48-4909,Bethanne,Bamlett,7/23/1998,Long-necked turtle
560-91-4384,Selig,Navein,7/24/1989,"Bleu, red-cheeked cordon"
309-65-6494,Clarey,Gotliffe,2/14/1997,"Mynah, common"
794-54-9343,Elbertine,Larkkem,11/28/1978,"Admiral, indian red"
102-87-4537,Hermy,Ivan,9/6/1979,"Raccoon, common"
228-90-4079,Haven,Hearne,2/22/1978,Oriental short-clawed otter
709-97-1412,Mariska,Cayzer,1/7/1995,"Francolin, coqui"
891-69-1831,Georgie,Fiorentino,11/1/1994,Indian peacock
245-09-8794,Amelia,Osband,10/7/1985,African black crake
729-49-1950,Aleta,Mingey,10/22/1975,Bontebok
528-64-4191,Oralle,Harme,3/9/1994,Praying mantis (unidentified)
862-94-5729,Corissa,Ibbett,8/18/1983,"Langur, gray"
697-91-6430,Balduin,Granleese,5/11/1987,"Eagle, long-crested hawk"
731-25-3494,Sauncho,Leer,2/17/1979,Dromedary camel
415-79-4331,Peyton,Badgers,10/10/1987,Small Indian mongoose
731-96-1597,Roderich,Yuryichev,8/25/1978,"Dog, black-tailed prairie"
394-57-0249,Iago,Vann,4/28/1993,American alligator
887-81-6686,Joanne,Smead,12/31/1977,"Kingfisher, white-throated"
843-20-1923,Heywood,Masterman,7/14/1985,Painted stork
867-22-4135,Maurizio,Bursnall,9/29/1973,Steenbuck
178-62-3463,Winthrop,Feltham,8/23/1979,"Bat, little brown"
875-60-9147,Sigismondo,Sugden,12/31/1985,African skink
246-85-7612,Rosalynd,Halms,12/25/1991,"Darter, african"
418-72-0861,Merline,Steutly,7/30/1980,Eastern grey kangaroo
446-48-5690,Aloysia,Thornhill,1/13/1994,"Openbill, asian"
308-90-1759,Nonna,Franks,5/19/1989,"Cat, ringtail"
512-09-7293,Derrek,Corbie,9/30/1973,"Mongoose, javan gold-spotted"
254-10-9376,Paula,Barber,3/8/1984,"Eland, common"
182-44-2288,Netta,Leverentz,9/13/1986,Common eland
495-56-8793,Kaylyn,Locksley,11/6/1981,"Bee-eater, nubian"
224-66-6010,Araldo,Goulter,3/3/1978,Platypus
180-70-4348,Casandra,Gaffney,1/13/1973,"White-eye, pale"
481-77-6895,Bette,Causby,2/8/1984,"Cat, european wild"
212-30-4069,Casper,Campes,9/28/1998,"Zebra, common"
393-97-1040,Almire,Dewhurst,12/9/1985,Red-shouldered glossy starling
872-94-0230,Mauricio,Giffen,9/3/1987,"Porcupine, crested"
397-08-2657,Wylma,Krolman,10/17/1977,"Glider, sugar"
146-29-6061,Vitoria,Whitlaw,2/3/1988,Common mynah
868-26-1755,Norbert,Robertucci,5/24/1977,Lesser masked weaver
535-39-3672,Sammie,Casaletto,8/24/1983,"Rabbit, eastern cottontail"
505-82-9302,Bay,Stilwell,3/18/1989,King cormorant
353-82-0609,Eb,Olver,9/29/1978,"Bushbaby, large-eared"
630-96-7275,Brigitta,Krzysztofiak,11/25/1982,Blesbok
884-18-1961,Finn,Bedminster,2/26/1999,"Hornbill, southern ground"
554-93-2684,Chandler,Ludovici,2/28/1993,Ring-tailed possum
691-12-6630,Delaney,McFeate,5/28/1978,Black-backed jackal
766-36-4311,Ophelie,McBryde,10/29/1976,Australian magpie
211-99-3417,Wayne,Fardoe,12/28/1976,"Lion, galapagos sea"
170-34-8926,Tiffanie,Quakley,9/15/1983,Stanley bustard
377-86-7967,Lindi,Patriche,4/29/1997,"Cormorant, large"
541-88-0660,Dyanne,Shipston,5/31/1990,Galapagos dove
100-65-8852,Hal,Leversuch,2/24/1980,"Hornbill, southern ground"
636-34-1274,Lane,Moloney,1/28/1987,"Stork, saddle-billed"
851-49-9484,Tito,Yeld,5/3/1978,Western spotted skunk
271-15-9743,Arliene,Knaggs,4/24/1983,Carpet python
406-12-6608,Gerek,Shooter,10/7/1983,"Stork, jabiru"
618-81-9997,Regen,Meenan,10/14/1993,Red phalarope
745-42-5330,Barbe,Grgic,2/14/1989,"Hare, arctic"
558-58-4452,Cahra,Beany,5/23/1995,"Insect, stick"
396-79-3612,Denney,Michin,4/9/1973,Common langur
483-06-9053,Doria,Jardin,6/20/1994,"Swan, trumpeter"
528-96-0047,Mack,Mildmott,7/23/1973,"Seal, harbor"
472-46-5709,Malvin,Wyllcocks,12/4/1976,Groundhog
339-12-6650,Germain,Vlasyuk,9/1/1981,Lesser double-collared sunbird
232-58-9162,Lynett,Mosson,7/5/1979,Brolga crane
601-26-5045,Marylinda,Redihough,5/28/1993,Giant otter
830-77-9685,Jemimah,Karpychev,7/15/1979,Painted stork
577-70-2178,Abelard,Smalcombe,8/11/1997,"Dove, little brown"
463-08-3476,Hadlee,Trinke,1/2/1990,"Dragon, asian water"
781-27-3601,Alexandrina,Fern,7/15/1973,"Antechinus, brown"
614-78-2453,Pasquale,Bauser,3/23/1992,Agama lizard (unidentified)
707-53-3726,Dante,Huggin,2/18/1975,"Porcupine, tree"
684-86-1741,Dierdre,Burnyate,1/11/1995,"Cat, cape wild"
232-29-6925,Dorothea,O'Dea,11/29/1993,"Snake, green vine"
307-83-0407,Rosette,Willis,1/11/1993,"Eagle, crowned"
544-59-1865,Vanya,Toretta,1/11/1991,Coqui francolin
267-79-5015,Justen,Levesque,6/22/1996,European red squirrel
284-13-7877,Merrel,Passy,12/14/1991,Brush-tailed rat kangaroo
277-79-4412,Karel,Willows,5/4/1987,Black-tailed tree creeper
506-37-8328,Cyril,Spoors,4/8/1985,Kalahari scrub robin
676-09-7413,Ardenia,Saywood,11/22/1983,Mocking cliffchat
694-50-7487,Aleta,Velareal,9/9/1996,"Hen, sage"
765-76-8008,Aurea,Melpuss,10/1/1979,"Cat, toddy"
125-78-1494,Lorene,Dodding,6/27/1990,Black and white colobus
497-15-6531,Isaac,Satterthwaite,11/3/1977,Indian giant squirrel
648-89-1551,Kylynn,Cubbin,1/4/1998,Crested bunting
253-45-5868,Alister,Areles,7/5/1983,"Kingfisher, white-throated"
748-27-7157,Maxy,Jennings,9/3/1993,"Moorhen, purple"
382-06-9945,Ervin,Oleksinski,5/28/1976,"Stork, yellow-billed"
643-62-3303,Leanna,Dunston,9/23/1999,Scarlet macaw
607-84-2431,Harwell,Pagin,2/15/1981,"Toucan, red-billed"
457-91-4204,Irwin,Escot,6/30/1979,"Partridge, coqui"
446-17-6753,Benito,Hamlington,10/5/1997,"Siskin, pine"
664-93-3016,Cassius,Riddock,12/30/1973,"Lapwing, southern"
621-20-7229,Benny,Krysiak,3/19/1988,White-rumped vulture
559-74-1400,Rita,Tootell,3/26/1989,White-bellied sea eagle
164-16-1972,Stan,Devereux,12/5/1978,Chuckwalla
379-33-4127,Kimball,Ewdale,1/13/1973,Brown and yellow marshbird
694-96-6624,Shayne,Verecker,10/3/1992,Harbor seal
333-57-2814,Lydon,Ettels,11/28/1987,"Antelope, sable"
688-25-1188,Jenilee,Clelle,11/16/1981,Jaguar
236-03-3897,Bennett,Buttress,11/22/1989,South American meadowlark (unidentified)
255-94-6298,Sherlocke,Slyford,1/4/1982,King vulture
428-62-7276,Yanaton,Mixhel,11/24/1999,Small-toothed palm civet
675-19-7363,Celine,Mothersole,12/3/1982,"Gull, swallow-tail"
542-69-7222,Veriee,Parris,8/7/1990,White-browed owl
294-61-8857,Wilmar,Raynton,5/7/1982,Blue duck
181-05-3925,Pate,Coate,8/6/1991,Mexican wolf
846-13-4587,Morris,Laye,5/1/1997,Snake-necked turtle
743-55-5883,Kylynn,Letterese,2/25/1979,"Penguin, magellanic"
128-95-3397,Constancy,Standring,11/3/1994,"Phalarope, red-necked"
149-78-5886,Breanne,Sadd,11/11/1997,Common rhea
372-26-0202,Milena,Leeb,12/24/1977,"Cat, miner's"
370-05-3874,Iormina,Cowherd,5/24/1997,"Dog, black-tailed prairie"
857-81-0301,Bertram,Gelder,5/22/1997,"Duck, comb"
716-58-2720,Niccolo,Liddiard,10/4/1973,"Wallaby, whip-tailed"
296-90-4319,Madel,Aslen,4/17/1999,"Bear, black"
603-32-5264,Damien,Reddecliffe,3/16/1996,Indian porcupine
420-87-3962,Kearney,Whitford,9/5/1985,Old world fruit bat (unidentified)
241-67-3485,Murray,Feltoe,7/24/1990,Small-clawed otter
493-84-4811,Consuela,Test,9/3/1984,"Roadrunner, greater"
738-85-8719,Mariann,Saunderson,7/28/1983,"Ass, asiatic wild"
657-90-8960,Tyrus,Smitten,6/21/1992,Brush-tailed phascogale
329-42-3638,Raeann,Domaschke,11/14/1979,King cormorant
769-33-0870,Earl,Lody,1/14/1998,Spotted wood sandpiper
536-90-0876,Diego,Whimper,7/3/1979,European wild cat
712-25-5850,Valenka,Quinney,5/1/1974,Red-tailed cockatoo
450-33-7349,Gar,Bleyman,8/4/1978,Jabiru stork
753-55-3037,Maribeth,Morcom,2/20/1974,"Woodpecker, downy"
307-57-1057,Dusty,Pyvis,1/5/1994,"Rabbit, eastern cottontail"
857-18-7791,Beniamino,Tyrie,4/28/1991,Chital
760-44-2249,Ignazio,Fauning,7/2/1990,Brown and yellow marshbird
630-66-9486,Padraic,Niave,7/30/1979,Carpet python
487-26-6348,Ogdon,Truse,3/11/1980,Bushbuck
297-13-8187,Drucy,McGoogan,8/5/1989,"Cockatoo, slender-billed"
713-96-9554,Kali,Lamlin,12/16/1983,"Flamingo, chilean"
784-11-4530,Terrijo,Cayette,3/31/1980,"Turaco, violet-crested"
408-15-4939,Correna,Lorie,3/19/1979,"Spurfowl, yellow-necked"
578-43-7153,Gabbey,Clamp,12/5/1989,"Cockatoo, red-tailed"
711-17-8235,Wallache,Tierney,2/13/1988,"Lynx, african"
504-22-2907,Ham,Gilroy,7/17/1978,Weeper capuchin
841-05-4936,Bernelle,Crommett,8/9/1976,Galapagos penguin
395-68-8605,Wiatt,Ecclesall,5/6/1981,"Puffin, horned"
367-27-3136,Pia,Enders,9/21/1978,"Cockatoo, red-breasted"
193-18-5883,Brewer,Chesterman,8/13/1992,"Dragon, frilled"
688-18-8181,Carmen,MacMaykin,9/22/1984,King cormorant
668-98-8032,Clair,Loughlin,6/11/1998,Common pheasant
734-12-0585,Tristam,Juschke,11/30/1997,"Alligator, mississippi"
219-63-6264,Jewell,Hatje,10/1/1993,"Legaan, Monitor (unidentified)"
798-09-4741,Gordy,Keirle,11/12/1979,"Flicker, field"
766-04-8969,Geri,Pauncefort,6/2/1981,"Raven, white-necked"
668-51-8909,Paige,Laughton,4/9/1995,Eurasian red squirrel
466-80-6292,Gratiana,Pridden,7/25/1976,Meerkat
418-82-3177,Lorraine,Pleace,12/20/1987,Lesser double-collared sunbird
296-36-7948,Asa,Crome,4/30/1986,Long-nosed bandicoot
358-91-2959,Brina,Ingilson,8/3/1979,"Fox, north american red"
374-46-1166,Clive,Stille,8/21/1973,Waved albatross
116-40-8687,Arabel,Savary,12/10/1985,Steenbok
605-22-2961,Izak,Firbank,9/30/1992,"Fowl, helmeted guinea"
436-74-0732,Geri,Ditter,2/26/1996,Eastern white pelican
270-03-6527,Marne,Braker,9/12/1974,Blue-faced booby
693-96-9591,Justin,Gartin,5/18/1976,Wood pigeon
196-70-0213,Valma,Barney,11/10/1992,"Teal, hottentot"
235-70-9032,Ewen,Brunton,11/19/1995,"Shrike, southern white-crowned"
500-32-9327,Carmelina,Charleston,4/17/1991,Green vine snake
281-28-3139,Rollie,Penning,6/3/1982,"Sparrow, rufous-collared"
642-95-7029,Kara,Wilkison,10/19/1990,"Oryx, beisa"
637-47-8660,Nap,Denkin,12/15/1992,African fish eagle
415-76-1451,Tabb,Chadburn,1/21/1993,Peregrine falcon
566-48-1808,Roch,Bracken,6/26/1988,"Heron, black-crowned night"
403-11-6329,Cris,Gregolin,10/6/1990,"Shrew, mandras tree"
602-41-7402,Aldin,Melledy,8/23/1981,"Squirrel, pine"
717-28-7791,Rhett,Shimwall,12/10/1997,Alpaca
336-01-6649,Dacey,Heeks,9/9/1990,"Dolphin, striped"
173-77-7669,Nigel,Seebert,12/13/1979,"Peccary, collared"
352-53-7498,Joline,Grinvalds,10/2/1974,"Hyena, striped"
414-45-4644,Anetta,Backs,11/3/1993,Asiatic jackal
705-63-2567,Gretchen,Dowrey,2/18/1974,"Falcon, peregrine"
444-24-3550,Doralin,Abdon,8/22/1973,"Squirrel, smith's bush"
812-20-4316,Aristotle,Medeway,11/11/1988,Tiger cat
357-78-2706,Orazio,Glencrash,7/3/1994,Blue waxbill
416-55-8921,Weidar,Starton,3/14/1991,"Mongoose, javan gold-spotted"
304-63-3651,Bobinette,Fippe,10/26/1982,Madagascar fruit bat
162-73-6112,Ramonda,Ogelsby,4/27/1987,"Flamingo, roseat"
631-91-9517,Felicdad,Annott,4/9/1998,"Quoll, spotted-tailed"
117-47-8103,Alaine,Malins,3/14/1988,"Cockatoo, red-breasted"
242-28-0930,Roldan,O'Fallone,3/4/1982,Pronghorn
798-40-9364,Shea,Lowrance,5/30/1973,"Swan, trumpeter"
446-69-7946,Sampson,Riolfo,7/22/1978,Roseate cockatoo
417-15-5755,Hogan,Lanbertoni,10/25/1995,Pale-throated three-toed sloth
816-78-4301,Allyson,Edmunds,1/25/1989,White-throated toucan
349-50-5571,Emmalynn,Loyns,10/24/1978,"Hornbill, southern ground"
888-44-6802,Kean,Bagshawe,3/28/1993,Seven-banded armadillo
495-61-5532,Christye,Windus,3/14/1974,"Wapiti, elk,"
243-31-1053,Marnie,Giannotti,1/12/1993,"Flamingo, greater"
151-77-8491,Lela,Clowsley,2/15/1982,"Antelope, sable"
506-43-0837,Edithe,Gascar,3/24/1979,"Roadrunner, greater"
185-40-7139,Susette,Pavey,7/18/1984,"Lark, horned"
673-89-6384,Anderea,Errey,9/29/1975,Eurasian red squirrel
363-60-3291,Una,Krzyzaniak,8/4/1981,Black-cheeked waxbill
852-04-1914,Kora,Pumfrett,5/29/1991,"Possum, common brushtail"
229-34-7869,Emerson,Skelding,10/17/1983,"Bee-eater, white-fronted"
313-27-9899,Annabela,Drayton,10/7/1988,Thirteen-lined squirrel
629-29-7377,Juliane,Klimke,11/20/1995,"Sloth, two-toed"
673-44-1918,Sherwin,Beagan,4/4/1995,North American river otter
106-23-6773,Lida,Oldred,9/20/1981,"Owl, snowy"
361-64-0662,Nevins,Warder,2/10/1973,"Phalarope, northern"
256-49-7502,Oliviero,Minocchi,9/16/1973,Yellow-headed caracara
210-21-7555,Luciana,Oene,12/4/1984,"Cobra, egyptian"
387-87-3469,Northrup,Buckenhill,10/9/1975,Eastern diamondback rattlesnake
543-25-1180,Randy,Woolstenholmes,1/13/1978,Sally lightfoot crab
758-77-7119,Abe,Brute,5/27/1985,Little grebe
362-54-1773,Rip,Knight,6/17/1974,Common zebra
408-05-9000,Reena,Turri,8/5/1992,White stork
179-45-2019,Micheline,Kainz,11/21/1989,Gemsbok
268-75-5673,Aloysia,Deekes,9/18/1975,"Sparrow, rufous-collared"
521-08-3059,Eilis,McIlreavy,3/5/1996,Lizard (unidentified)
489-67-9384,Cassaundra,Falkous,11/3/1974,Crested barbet
236-24-2365,Nariko,Dreakin,1/25/1980,"Snake, buttermilk"
440-49-8628,Melisa,McBoyle,11/5/1987,"Squirrel, uinta ground"
598-48-8002,Crystie,Borth,2/1/1990,"Caracara, yellow-headed"
850-80-7321,Thom,Kubasek,7/16/1976,Agile wallaby
771-93-4152,Faina,Seth,6/14/1992,Yellow-rumped siskin
